<?xml version = '1.0' encoding = 'UTF-8'?>
<Entity class="oracle.dbtools.crest.model.design.logical.Entity" directorySegmentName="seg_0" id="191D4C56-CCCA-EA03-FECF-8328E371060C" name="Schranke">
<createdBy>paula</createdBy>
<createdTime>2025-03-17 10:04:39 UTC</createdTime>
<ownerDesignName>Projekt_Da_Ruf_Hauser</ownerDesignName>
<engineerTo>
<item key="C709A366-8E3B-0E68-3708-33DD68029C4B" value="true"/>
</engineerTo>
<adequatelyNormalized>NO</adequatelyNormalized>
<expectedVolumes>0</expectedVolumes>
<fwdEngineeringStrategyName>Single Table</fwdEngineeringStrategyName>
<growthPercent>0</growthPercent>
<growthType>Year</growthType>
<maxVolumes>9999999</maxVolumes>
<minVolumes>0</minVolumes>
<normalForm>Third</normalForm>
<attributes itemClass="oracle.dbtools.crest.model.design.logical.Attribute">
<Attribute name="Schranken_ID1" id="0E13DC56-A274-DCE3-F029-7AB77C735DE9">
<createdBy>paula</createdBy>
<createdTime>2025-03-17 10:18:38 UTC</createdTime>
<ownerDesignName>Projekt_Da_Ruf_Hauser</ownerDesignName>
<engineerTo>
<item key="C709A366-8E3B-0E68-3708-33DD68029C4B" value="true"/>
</engineerTo>
<nullsAllowed>true</nullsAllowed>
<use>0</use>
<ownDataTypeParameters>,,</ownDataTypeParameters>
</Attribute>
</attributes>
</Entity>