<?xml version = '1.0' encoding = 'UTF-8'?>
<Entity class="oracle.dbtools.crest.model.design.logical.Entity" directorySegmentName="seg_0" id="2F602B98-2F73-1337-B276-E76C2245410F" name="Stellplätze">
<createdBy>paula</createdBy>
<createdTime>2025-03-17 09:26:21 UTC</createdTime>
<ownerDesignName>Projekt_Da_Ruf_Hauser</ownerDesignName>
<engineerTo>
<item key="C709A366-8E3B-0E68-3708-33DD68029C4B" value="true"/>
</engineerTo>
<adequatelyNormalized>NO</adequatelyNormalized>
<expectedVolumes>0</expectedVolumes>
<fwdEngineeringStrategyName>Single Table</fwdEngineeringStrategyName>
<growthPercent>0</growthPercent>
<growthType>Year</growthType>
<maxVolumes>9999999</maxVolumes>
<minVolumes>0</minVolumes>
<normalForm>Third</normalForm>
<attributes itemClass="oracle.dbtools.crest.model.design.logical.Attribute">
<Attribute name="Stellplatznummer" id="99EEF987-0026-334C-56C8-C6A73F32D6BD">
<createdBy>paula</createdBy>
<createdTime>2025-03-17 09:26:38 UTC</createdTime>
<ownerDesignName>Projekt_Da_Ruf_Hauser</ownerDesignName>
<engineerTo>
<item key="C709A366-8E3B-0E68-3708-33DD68029C4B" value="true"/>
</engineerTo>
<use>0</use>
<ownDataTypeParameters>,,</ownDataTypeParameters>
</Attribute>
</attributes>
<identifiers itemClass="oracle.dbtools.crest.model.design.logical.CandidateKey">
<identifier id="F8616321-0393-28A8-2CF0-955C5F15615C" name="Stellplätze PK">
<createdBy>paula</createdBy>
<createdTime>2025-03-17 09:26:56 UTC</createdTime>
<ownerDesignName>Projekt_Da_Ruf_Hauser</ownerDesignName>
<engineerTo>
<item key="C709A366-8E3B-0E68-3708-33DD68029C4B" value="true"/>
</engineerTo>
<pk>true</pk>
<usedAttributes>
<attributeRef>99EEF987-0026-334C-56C8-C6A73F32D6BD</attributeRef>
</usedAttributes>
</identifier>
</identifiers>
</Entity>