<?xml version = '1.0' encoding = 'UTF-8'?>
<Entity class="oracle.dbtools.crest.model.design.logical.Entity" directorySegmentName="seg_0" id="A4F7ECFE-584E-341B-C2FC-35B71FA36C84" name="Adresse ">
<createdBy>paula</createdBy>
<createdTime>2025-03-17 09:23:46 UTC</createdTime>
<ownerDesignName>Projekt_Da_Ruf_Hauser</ownerDesignName>
<engineerTo>
<item key="C709A366-8E3B-0E68-3708-33DD68029C4B" value="true"/>
</engineerTo>
<adequatelyNormalized>NO</adequatelyNormalized>
<expectedVolumes>0</expectedVolumes>
<fwdEngineeringStrategyName>Single Table</fwdEngineeringStrategyName>
<growthPercent>0</growthPercent>
<growthType>Year</growthType>
<maxVolumes>9999999</maxVolumes>
<minVolumes>0</minVolumes>
<normalForm>Third</normalForm>
<attributes itemClass="oracle.dbtools.crest.model.design.logical.Attribute">
<Attribute name="Adress_Id" id="73EF785A-6283-3CFE-B30A-72481230F2A6">
<createdBy>paula</createdBy>
<createdTime>2025-03-17 09:25:20 UTC</createdTime>
<ownerDesignName>Projekt_Da_Ruf_Hauser</ownerDesignName>
<engineerTo>
<item key="C709A366-8E3B-0E68-3708-33DD68029C4B" value="true"/>
</engineerTo>
<use>0</use>
<ownDataTypeParameters>,,</ownDataTypeParameters>
</Attribute>
<Attribute name="Straße " id="E4FAA134-C1A4-4564-C69E-F2038C33CEEF">
<createdBy>paula</createdBy>
<createdTime>2025-03-17 09:23:59 UTC</createdTime>
<ownerDesignName>Projekt_Da_Ruf_Hauser</ownerDesignName>
<engineerTo>
<item key="C709A366-8E3B-0E68-3708-33DD68029C4B" value="true"/>
</engineerTo>
<nullsAllowed>true</nullsAllowed>
<use>0</use>
<ownDataTypeParameters>,,</ownDataTypeParameters>
</Attribute>
<Attribute name="Hausnummer" id="91520A64-7FD0-39B6-B930-47279222551B">
<createdBy>paula</createdBy>
<createdTime>2025-03-17 09:24:25 UTC</createdTime>
<ownerDesignName>Projekt_Da_Ruf_Hauser</ownerDesignName>
<engineerTo>
<item key="C709A366-8E3B-0E68-3708-33DD68029C4B" value="true"/>
</engineerTo>
<nullsAllowed>true</nullsAllowed>
<use>0</use>
<ownDataTypeParameters>,,</ownDataTypeParameters>
</Attribute>
<Attribute name="Postleitzahl" id="3E210A77-858C-FEE8-0551-196D1C7C5960">
<createdBy>paula</createdBy>
<createdTime>2025-03-17 09:24:34 UTC</createdTime>
<ownerDesignName>Projekt_Da_Ruf_Hauser</ownerDesignName>
<engineerTo>
<item key="C709A366-8E3B-0E68-3708-33DD68029C4B" value="true"/>
</engineerTo>
<nullsAllowed>true</nullsAllowed>
<use>0</use>
<ownDataTypeParameters>,,</ownDataTypeParameters>
</Attribute>
<Attribute name="Ort" id="2B99A609-CE22-F1DA-DE74-20449539D7B4">
<createdBy>paula</createdBy>
<createdTime>2025-03-17 09:24:48 UTC</createdTime>
<ownerDesignName>Projekt_Da_Ruf_Hauser</ownerDesignName>
<engineerTo>
<item key="C709A366-8E3B-0E68-3708-33DD68029C4B" value="true"/>
</engineerTo>
<nullsAllowed>true</nullsAllowed>
<use>0</use>
<ownDataTypeParameters>,,</ownDataTypeParameters>
</Attribute>
<Attribute name="Land" id="7D2CB305-B6C9-99C4-0E14-71A16FF5A639">
<createdBy>paula</createdBy>
<createdTime>2025-03-17 09:24:58 UTC</createdTime>
<ownerDesignName>Projekt_Da_Ruf_Hauser</ownerDesignName>
<engineerTo>
<item key="C709A366-8E3B-0E68-3708-33DD68029C4B" value="true"/>
</engineerTo>
<nullsAllowed>true</nullsAllowed>
<use>0</use>
<ownDataTypeParameters>,,</ownDataTypeParameters>
</Attribute>
</attributes>
<identifiers itemClass="oracle.dbtools.crest.model.design.logical.CandidateKey">
<identifier id="2528EFDF-0C37-8E14-1AC4-70B55D1508B6" name="Adresse PK">
<createdBy>paula</createdBy>
<createdTime>2025-03-17 09:25:34 UTC</createdTime>
<ownerDesignName>Projekt_Da_Ruf_Hauser</ownerDesignName>
<engineerTo>
<item key="C709A366-8E3B-0E68-3708-33DD68029C4B" value="true"/>
</engineerTo>
<pk>true</pk>
<usedAttributes>
<attributeRef>73EF785A-6283-3CFE-B30A-72481230F2A6</attributeRef>
</usedAttributes>
</identifier>
</identifiers>
</Entity>