<?xml version = '1.0' encoding = 'UTF-8'?>
<Entity class="oracle.dbtools.crest.model.design.logical.Entity" directorySegmentName="seg_0" id="BEAAB1D2-1A2F-7956-3E6A-64CAD0DB5630" name="Parkpatz ">
<createdBy>paula</createdBy>
<createdTime>2025-03-17 09:21:27 UTC</createdTime>
<ownerDesignName>Projekt_Da_Ruf_Hauser</ownerDesignName>
<engineerTo>
<item key="C709A366-8E3B-0E68-3708-33DD68029C4B" value="true"/>
</engineerTo>
<adequatelyNormalized>NO</adequatelyNormalized>
<expectedVolumes>0</expectedVolumes>
<fwdEngineeringStrategyName>Single Table</fwdEngineeringStrategyName>
<growthPercent>0</growthPercent>
<growthType>Year</growthType>
<maxVolumes>9999999</maxVolumes>
<minVolumes>0</minVolumes>
<normalForm>Third</normalForm>
<attributes itemClass="oracle.dbtools.crest.model.design.logical.Attribute">
<Attribute name="Bezeichnung" id="17F84A5F-2A0B-D2F4-6497-EC6ED6F5C1DC">
<createdBy>paula</createdBy>
<createdTime>2025-03-17 09:22:41 UTC</createdTime>
<ownerDesignName>Projekt_Da_Ruf_Hauser</ownerDesignName>
<engineerTo>
<item key="C709A366-8E3B-0E68-3708-33DD68029C4B" value="true"/>
</engineerTo>
<nullsAllowed>true</nullsAllowed>
<use>0</use>
<ownDataTypeParameters>,,</ownDataTypeParameters>
</Attribute>
<Attribute name="Adress_Id" id="6FE4C796-1847-5B09-AEFD-AE05516C2022">
<createdBy>paula</createdBy>
<createdTime>2025-03-17 09:25:59 UTC</createdTime>
<generatorID>9B0F7AF5-CDEF-8F81-8294-AE37EE5A7774</generatorID>
<ownerDesignName>Projekt_Da_Ruf_Hauser</ownerDesignName>
<engineerTo>
<item key="C709A366-8E3B-0E68-3708-33DD68029C4B" value="true"/>
</engineerTo>
<nullsAllowed>true</nullsAllowed>
<referedAttribute>73EF785A-6283-3CFE-B30A-72481230F2A6</referedAttribute>
<use>0</use>
<ownDataTypeParameters>,,</ownDataTypeParameters>
</Attribute>
<Attribute name="Stellplatznummer" id="A040CB87-AAB3-BD48-5D97-1753F4D818FF">
<createdBy>paula</createdBy>
<createdTime>2025-03-17 09:27:29 UTC</createdTime>
<generatorID>2C1368B4-0D5E-5082-05CF-F65301C34DE8</generatorID>
<ownerDesignName>Projekt_Da_Ruf_Hauser</ownerDesignName>
<engineerTo>
<item key="C709A366-8E3B-0E68-3708-33DD68029C4B" value="true"/>
</engineerTo>
<referedAttribute>99EEF987-0026-334C-56C8-C6A73F32D6BD</referedAttribute>
<use>0</use>
<ownDataTypeParameters>,,</ownDataTypeParameters>
</Attribute>
</attributes>
<identifiers itemClass="oracle.dbtools.crest.model.design.logical.CandidateKey">
<identifier id="2860F9E8-C377-69E9-9D73-179476AD72AF" name="Parkpatz  PK">
<createdBy>paula</createdBy>
<createdTime>2025-03-17 10:11:21 UTC</createdTime>
<ownerDesignName>Projekt_Da_Ruf_Hauser</ownerDesignName>
<engineerTo>
<item key="C709A366-8E3B-0E68-3708-33DD68029C4B" value="true"/>
</engineerTo>
<pk>true</pk>
<usedAttributes>
<attributeRef>A040CB87-AAB3-BD48-5D97-1753F4D818FF</attributeRef>
</usedAttributes>
</identifier>
</identifiers>
</Entity>