<?xml version = '1.0' encoding = 'UTF-8'?>
<Entity class="oracle.dbtools.crest.model.design.logical.Entity" directorySegmentName="seg_0" id="F4A1B646-A64A-324E-04E1-B6CC73B911C2" name="Hardware">
<createdBy>paula</createdBy>
<createdTime>2025-03-17 10:16:54 UTC</createdTime>
<ownerDesignName>Projekt_Da_Ruf_Hauser</ownerDesignName>
<engineerTo>
<item key="C709A366-8E3B-0E68-3708-33DD68029C4B" value="true"/>
</engineerTo>
<adequatelyNormalized>NO</adequatelyNormalized>
<expectedVolumes>0</expectedVolumes>
<fwdEngineeringStrategyName>Single Table</fwdEngineeringStrategyName>
<growthPercent>0</growthPercent>
<growthType>Year</growthType>
<maxVolumes>9999999</maxVolumes>
<minVolumes>0</minVolumes>
<normalForm>Third</normalForm>
<attributes itemClass="oracle.dbtools.crest.model.design.logical.Attribute">
<Attribute name="Hardware-ID" id="E2E3BB1A-6FD4-72D8-6009-91E92D2C00E7">
<createdBy>paula</createdBy>
<createdTime>2025-03-17 10:17:12 UTC</createdTime>
<ownerDesignName>Projekt_Da_Ruf_Hauser</ownerDesignName>
<engineerTo>
<item key="C709A366-8E3B-0E68-3708-33DD68029C4B" value="true"/>
</engineerTo>
<nullsAllowed>true</nullsAllowed>
<use>0</use>
<ownDataTypeParameters>,,</ownDataTypeParameters>
</Attribute>
<Attribute name="Sart-Zeitstempel" id="DBFC3A4A-88D9-5A5F-CB22-37360537B8A4">
<createdBy>paula</createdBy>
<createdTime>2025-03-17 10:17:29 UTC</createdTime>
<ownerDesignName>Projekt_Da_Ruf_Hauser</ownerDesignName>
<engineerTo>
<item key="C709A366-8E3B-0E68-3708-33DD68029C4B" value="true"/>
</engineerTo>
<nullsAllowed>true</nullsAllowed>
<use>0</use>
<ownDataTypeParameters>,,</ownDataTypeParameters>
</Attribute>
<Attribute name="Endzeitstempel" id="171C3A4E-A920-E449-7AC1-9E27210A8E4C">
<createdBy>paula</createdBy>
<createdTime>2025-03-17 10:17:48 UTC</createdTime>
<ownerDesignName>Projekt_Da_Ruf_Hauser</ownerDesignName>
<engineerTo>
<item key="C709A366-8E3B-0E68-3708-33DD68029C4B" value="true"/>
</engineerTo>
<nullsAllowed>true</nullsAllowed>
<use>0</use>
<ownDataTypeParameters>,,</ownDataTypeParameters>
</Attribute>
</attributes>
</Entity>