<?xml version = '1.0' encoding = 'UTF-8'?>
<Diagram class="oracle.dbtools.crest.swingui.logical.DPVLogical" name="Logical" id="A8ED9159-81EB-B92A-94D9-04EF9D41ECF5">
<createdBy>paula</createdBy>
<modifiedBy>paula</modifiedBy>
<createdTime>2025-03-17 09:21:27 UTC</createdTime>
<autoRoute>false</autoRoute>
<boxInbox>true</boxInbox>
<showLegend>false</showLegend>
<showLabels>false</showLabels>
<showRelAttributes>false</showRelAttributes>
<gridEnabled>false</gridEnabled>
<showGrid>false</showGrid>
<diagramColor>-1</diagramColor>
<display>false</display>
<notation>1</notation>
<objectViews>
<OView class="oracle.dbtools.crest.swingui.logical.TVEntity" oid="191D4C56-CCCA-EA03-FECF-8328E371060C" otype="Entity" vid="2A9F963E-29A8-6B02-27EF-C5EC119ED78A">
<hideElementsInCurrentOnly>false</hideElementsInCurrentOnly>
<bounds x="298" y="12" width="258" height="62"/>
</OView>
<OView class="oracle.dbtools.crest.swingui.logical.TVEntity" oid="2F602B98-2F73-1337-B276-E76C2245410F" otype="Entity" vid="701EA69D-551E-6DE5-3DEE-E6B4CD1E77A7">
<hideElementsInCurrentOnly>false</hideElementsInCurrentOnly>
<bounds x="402" y="224" width="146" height="67"/>
</OView>
<OView class="oracle.dbtools.crest.swingui.logical.TVEntity" oid="3147D525-EB1D-AA53-858F-8CBEF2EAA38B" otype="Entity" vid="CE50A44E-11B8-EF0F-5A39-458B5B756525">
<hideElementsInCurrentOnly>false</hideElementsInCurrentOnly>
<bounds x="837" y="362" width="143" height="107"/>
</OView>
<OView class="oracle.dbtools.crest.swingui.logical.TVEntity" oid="43A11D4D-A67A-3E4C-3F5C-2BC22C3E3332" otype="Entity" vid="3FA879EE-FD2D-DD3F-BF94-6EA23AF86160">
<hideElementsInCurrentOnly>false</hideElementsInCurrentOnly>
<bounds x="158" y="342" width="125" height="37"/>
</OView>
<OView class="oracle.dbtools.crest.swingui.logical.TVEntity" oid="9ACB84BC-C4A1-2DCB-E6D7-68539C29C928" otype="Entity" vid="DB9F667C-BE7D-BB17-829A-0DECA8CDFF44">
<hideElementsInCurrentOnly>false</hideElementsInCurrentOnly>
<bounds x="387" y="323" width="181" height="114"/>
</OView>
<OView class="oracle.dbtools.crest.swingui.logical.TVEntity" oid="9C7AAF04-CAB5-75D2-BCCB-A414D22BBA77" otype="Entity" vid="193533F1-C914-B6C0-22E5-76F24AE6742D">
<hideElementsInCurrentOnly>false</hideElementsInCurrentOnly>
<bounds x="600" y="340" width="174" height="118"/>
</OView>
<OView class="oracle.dbtools.crest.swingui.logical.TVEntity" oid="A4F7ECFE-584E-341B-C2FC-35B71FA36C84" otype="Entity" vid="3BD357B2-42DB-015E-D5BA-A77C0AA262F8">
<hideElementsInCurrentOnly>false</hideElementsInCurrentOnly>
<bounds x="583" y="218" width="170" height="111"/>
</OView>
<OView class="oracle.dbtools.crest.swingui.logical.TVEntity" oid="BEAAB1D2-1A2F-7956-3E6A-64CAD0DB5630" otype="Entity" vid="6D0EDDC3-D4D1-1F46-A5F0-52F7ABAF254E">
<hideElementsInCurrentOnly>false</hideElementsInCurrentOnly>
<bounds x="407" y="93" width="108" height="88"/>
</OView>
<OView class="oracle.dbtools.crest.swingui.logical.TVEntity" oid="C108B611-ABA0-5268-6F97-3B67E9DB444B" otype="Entity" vid="5B87846B-246F-19FE-6E91-EF8CF7E579E7">
<hideElementsInCurrentOnly>false</hideElementsInCurrentOnly>
<bounds x="30" y="196" width="170" height="110"/>
</OView>
<OView class="oracle.dbtools.crest.swingui.logical.TVEntity" oid="DBF6C33C-625F-1986-EDA2-3318E7091D92" otype="Entity" vid="A0EA9009-075B-8E4A-EE64-3CB695E88548">
<hideElementsInCurrentOnly>false</hideElementsInCurrentOnly>
<bounds x="278" y="209" width="109" height="97"/>
</OView>
<OView class="oracle.dbtools.crest.swingui.logical.TVEntity" oid="E88EE308-7029-26A4-84E8-418F5B7F33D2" otype="Entity" vid="32FB578E-071F-093B-11AF-8F91DA29674A">
<hideElementsInCurrentOnly>false</hideElementsInCurrentOnly>
<bounds x="803" y="237" width="197" height="99"/>
</OView>
<OView class="oracle.dbtools.crest.swingui.logical.TVEntity" oid="F4A1B646-A64A-324E-04E1-B6CC73B911C2" otype="Entity" vid="90DA01AE-64A3-C35C-5816-0421ED0ECE8B">
<hideElementsInCurrentOnly>false</hideElementsInCurrentOnly>
<bounds x="13" y="6" width="137" height="67"/>
</OView>
<OView class="oracle.dbtools.crest.swingui.logical.TVEntity" oid="FA73C9EE-786B-A9A6-A16A-148EB66D26BF" otype="Entity" vid="0BBC75A3-CADA-E450-02AB-6ACCFA11A2E9">
<hideElementsInCurrentOnly>false</hideElementsInCurrentOnly>
<bounds x="75" y="80" width="172" height="104"/>
</OView>
</objectViews>
<connectors>
<Connector class="oracle.dbtools.crest.swingui.logical.TVRelation" oid="025F94F3-4EE5-5E07-8092-666F11F787CA" otype="Relation" vid_source="A0EA9009-075B-8E4A-EE64-3CB695E88548" vid_target="32FB578E-071F-093B-11AF-8F91DA29674A">
<hideElementsInCurrentOnly>false</hideElementsInCurrentOnly>
<backgroundColor>-16777216</backgroundColor>
<lineWidth>1</lineWidth>
<points>
<point x="387" y="271"/>
<point x="803" y="271"/>
</points>
</Connector>
<Connector class="oracle.dbtools.crest.swingui.logical.TVRelation" oid="224AA623-5287-CF01-B4AA-9603570F3828" otype="Relation" vid_source="6D0EDDC3-D4D1-1F46-A5F0-52F7ABAF254E" vid_target="2A9F963E-29A8-6B02-27EF-C5EC119ED78A">
<hideElementsInCurrentOnly>false</hideElementsInCurrentOnly>
<backgroundColor>-16777216</backgroundColor>
<lineWidth>1</lineWidth>
<points>
<point x="461" y="93"/>
<point x="461" y="74"/>
</points>
</Connector>
<Connector class="oracle.dbtools.crest.swingui.logical.TVRelation" oid="2C1368B4-0D5E-5082-05CF-F65301C34DE8" otype="Relation" vid_source="6D0EDDC3-D4D1-1F46-A5F0-52F7ABAF254E" vid_target="701EA69D-551E-6DE5-3DEE-E6B4CD1E77A7">
<hideElementsInCurrentOnly>false</hideElementsInCurrentOnly>
<backgroundColor>-16777216</backgroundColor>
<lineWidth>1</lineWidth>
<points>
<point x="461" y="181"/>
<point x="461" y="224"/>
</points>
</Connector>
<Connector class="oracle.dbtools.crest.swingui.logical.TVRelation" oid="31F84836-8B52-851A-F32D-EC2554D8367A" otype="Relation" vid_source="32FB578E-071F-093B-11AF-8F91DA29674A" vid_target="701EA69D-551E-6DE5-3DEE-E6B4CD1E77A7">
<hideElementsInCurrentOnly>false</hideElementsInCurrentOnly>
<backgroundColor>-16777216</backgroundColor>
<lineWidth>1</lineWidth>
<points>
<point x="803" y="249"/>
<point x="548" y="249"/>
</points>
</Connector>
<Connector class="oracle.dbtools.crest.swingui.logical.TVRelation" oid="4BE4E537-110B-5802-DD32-48161F65E237" otype="Relation" vid_source="A0EA9009-075B-8E4A-EE64-3CB695E88548" vid_target="193533F1-C914-B6C0-22E5-76F24AE6742D">
<hideElementsInCurrentOnly>false</hideElementsInCurrentOnly>
<backgroundColor>-16777216</backgroundColor>
<lineWidth>1</lineWidth>
<points>
<point x="387" y="279"/>
<point x="600" y="364"/>
</points>
</Connector>
<Connector class="oracle.dbtools.crest.swingui.logical.TVRelation" oid="9B0F7AF5-CDEF-8F81-8294-AE37EE5A7774" otype="Relation" vid_source="6D0EDDC3-D4D1-1F46-A5F0-52F7ABAF254E" vid_target="3BD357B2-42DB-015E-D5BA-A77C0AA262F8">
<hideElementsInCurrentOnly>false</hideElementsInCurrentOnly>
<backgroundColor>-16777216</backgroundColor>
<lineWidth>1</lineWidth>
<points>
<point x="515" y="172"/>
<point x="583" y="218"/>
</points>
</Connector>
<Connector class="oracle.dbtools.crest.swingui.logical.TVRelation" oid="A78D4366-10D3-4E2C-8FBC-7478E7209EA1" otype="Relation" vid_source="DB9F667C-BE7D-BB17-829A-0DECA8CDFF44" vid_target="193533F1-C914-B6C0-22E5-76F24AE6742D">
<hideElementsInCurrentOnly>false</hideElementsInCurrentOnly>
<backgroundColor>-16777216</backgroundColor>
<lineWidth>1</lineWidth>
<points>
<point x="568" y="388"/>
<point x="600" y="388"/>
</points>
</Connector>
<Connector class="oracle.dbtools.crest.swingui.logical.TVRelation" oid="B0A21782-9FFA-1FA3-DBCA-1134FAFF7F5E" otype="Relation" vid_source="32FB578E-071F-093B-11AF-8F91DA29674A" vid_target="CE50A44E-11B8-EF0F-5A39-458B5B756525">
<hideElementsInCurrentOnly>false</hideElementsInCurrentOnly>
<backgroundColor>-16777216</backgroundColor>
<lineWidth>1</lineWidth>
<points>
<point x="908" y="336"/>
<point x="908" y="362"/>
</points>
</Connector>
<Connector class="oracle.dbtools.crest.swingui.logical.TVRelation" oid="B71F8CE3-995E-C10C-DBEF-F8113B188E53" otype="Relation" vid_source="5B87846B-246F-19FE-6E91-EF8CF7E579E7" vid_target="193533F1-C914-B6C0-22E5-76F24AE6742D">
<hideElementsInCurrentOnly>false</hideElementsInCurrentOnly>
<backgroundColor>-16777216</backgroundColor>
<lineWidth>1</lineWidth>
<points>
<point x="200" y="272"/>
<point x="600" y="376"/>
</points>
</Connector>
<Connector class="oracle.dbtools.crest.swingui.logical.TVRelation" oid="BF20F8BE-6FD9-3EA1-A021-2CA89C88DA64" otype="Relation" vid_source="3BD357B2-42DB-015E-D5BA-A77C0AA262F8" vid_target="32FB578E-071F-093B-11AF-8F91DA29674A">
<hideElementsInCurrentOnly>false</hideElementsInCurrentOnly>
<backgroundColor>-16777216</backgroundColor>
<lineWidth>1</lineWidth>
<points>
<point x="753" y="283"/>
<point x="803" y="283"/>
</points>
</Connector>
<Connector class="oracle.dbtools.crest.swingui.logical.TVRelation" oid="C986295E-9C6A-7ABB-B7C0-1DB4D04FBEFF" otype="Relation" vid_source="701EA69D-551E-6DE5-3DEE-E6B4CD1E77A7" vid_target="DB9F667C-BE7D-BB17-829A-0DECA8CDFF44">
<hideElementsInCurrentOnly>false</hideElementsInCurrentOnly>
<backgroundColor>-16777216</backgroundColor>
<lineWidth>1</lineWidth>
<points>
<point x="475" y="291"/>
<point x="475" y="323"/>
</points>
</Connector>
<Connector class="oracle.dbtools.crest.swingui.logical.TVRelation" oid="EB5DFAD0-85C6-AFCC-C749-513CE5A5BF9C" otype="Relation" vid_source="2A9F963E-29A8-6B02-27EF-C5EC119ED78A" vid_target="0BBC75A3-CADA-E450-02AB-6ACCFA11A2E9">
<hideElementsInCurrentOnly>false</hideElementsInCurrentOnly>
<backgroundColor>-16777216</backgroundColor>
<lineWidth>1</lineWidth>
<points>
<point x="334" y="74"/>
<point x="247" y="103"/>
</points>
</Connector>
<Connector class="oracle.dbtools.crest.swingui.logical.TVRelation" oid="F805FFDB-0D64-F646-6557-F0D35C3972E3" otype="Relation" vid_source="CE50A44E-11B8-EF0F-5A39-458B5B756525" vid_target="3FA879EE-FD2D-DD3F-BF94-6EA23AF86160">
<hideElementsInCurrentOnly>false</hideElementsInCurrentOnly>
<backgroundColor>-16777216</backgroundColor>
<lineWidth>1</lineWidth>
<points>
<point x="837" y="370"/>
<point x="283" y="370"/>
</points>
</Connector>
</connectors>
</Diagram>