<?xml version = '1.0' encoding = 'UTF-8'?>
<relationalModel class="oracle.dbtools.crest.model.design.relational.RelationalDesign" name="Relational_1" id="C709A366-8E3B-0E68-3708-33DD68029C4B" mainViewID="5F03E460-02E5-10EA-177E-2643CDA768E5">
<createdBy>paula</createdBy>
<createdTime>2025-03-17 09:21:14 UTC</createdTime>
<ownerDesignName>Projekt_Da_Ruf_Hauser</ownerDesignName>
<shouldBeOpen>false</shouldBeOpen>
<selectedRDBMSSite>32076570-2523-435C-2E92-BF29817DFF70</selectedRDBMSSite>
</relationalModel>