<?xml version = '1.0' encoding = 'UTF-8'?>
<Relation class="oracle.dbtools.crest.model.design.logical.Relation" name="Relation_Ticket_Dauer" directorySegmentName="seg_0" id="025F94F3-4EE5-5E07-8092-666F11F787CA">
<createdBy>paula</createdBy>
<createdTime>2025-03-17 09:47:46 UTC</createdTime>
<ownerDesignName>Projekt_Da_Ruf_Hauser</ownerDesignName>
<engineerTo>
<item key="C709A366-8E3B-0E68-3708-33DD68029C4B" value="true"/>
</engineerTo>
<identifying>false</identifying>
<optionalSource>true</optionalSource>
<optionalTarget>false</optionalTarget>
<sourceCardinality>*</sourceCardinality>
<sourceEntity>DBF6C33C-625F-1986-EDA2-3318E7091D92</sourceEntity>
<targetCardinalityString>*</targetCardinalityString>
<targetEntity>E88EE308-7029-26A4-84E8-418F5B7F33D2</targetEntity>
<transferable>true</transferable>
<deleteRule>NO ACTION</deleteRule>
</Relation>