<?xml version = '1.0' encoding = 'UTF-8'?>
<Relation class="oracle.dbtools.crest.model.design.logical.Relation" name="Relation_15" directorySegmentName="seg_0" id="224AA623-5287-CF01-B4AA-9603570F3828">
<createdBy>paula</createdBy>
<createdTime>2025-03-17 10:05:53 UTC</createdTime>
<ownerDesignName>Projekt_Da_Ruf_Hauser</ownerDesignName>
<engineerTo>
<item key="C709A366-8E3B-0E68-3708-33DD68029C4B" value="true"/>
</engineerTo>
<identifying>false</identifying>
<optionalSource>false</optionalSource>
<optionalTarget>false</optionalTarget>
<sourceCardinality>*</sourceCardinality>
<sourceEntity>BEAAB1D2-1A2F-7956-3E6A-64CAD0DB5630</sourceEntity>
<targetCardinalityString>1</targetCardinalityString>
<targetEntity>191D4C56-CCCA-EA03-FECF-8328E371060C</targetEntity>
<transferable>true</transferable>
<deleteRule>NO ACTION</deleteRule>
</Relation>