<?xml version = '1.0' encoding = 'UTF-8'?>
<Relation class="oracle.dbtools.crest.model.design.logical.Relation" name="Relation_Parkplatz_Stellplatz" directorySegmentName="seg_0" id="2C1368B4-0D5E-5082-05CF-F65301C34DE8">
<createdBy>paula</createdBy>
<createdTime>2025-03-17 09:27:22 UTC</createdTime>
<ownerDesignName>Projekt_Da_Ruf_Hauser</ownerDesignName>
<engineerTo>
<item key="C709A366-8E3B-0E68-3708-33DD68029C4B" value="true"/>
</engineerTo>
<targetPk>F8616321-0393-28A8-2CF0-955C5F15615C</targetPk>
<identifying>true</identifying>
<optionalSource>false</optionalSource>
<optionalTarget>false</optionalTarget>
<sourceCardinality>*</sourceCardinality>
<sourceEntity>BEAAB1D2-1A2F-7956-3E6A-64CAD0DB5630</sourceEntity>
<targetCardinalityString>1</targetCardinalityString>
<targetEntity>2F602B98-2F73-1337-B276-E76C2245410F</targetEntity>
<transferable>true</transferable>
<deleteRule>NO ACTION</deleteRule>
</Relation>