<?xml version = '1.0' encoding = 'UTF-8'?>
<Relation class="oracle.dbtools.crest.model.design.logical.Relation" name="Relation_10" directorySegmentName="seg_0" id="31F84836-8B52-851A-F32D-EC2554D8367A">
<createdBy>paula</createdBy>
<createdTime>2025-03-17 09:49:08 UTC</createdTime>
<ownerDesignName>Projekt_Da_Ruf_Hauser</ownerDesignName>
<engineerTo>
<item key="C709A366-8E3B-0E68-3708-33DD68029C4B" value="true"/>
</engineerTo>
<identifying>false</identifying>
<optionalSource>false</optionalSource>
<optionalTarget>false</optionalTarget>
<sourceCardinality>*</sourceCardinality>
<sourceEntity>E88EE308-7029-26A4-84E8-418F5B7F33D2</sourceEntity>
<targetCardinalityString>*</targetCardinalityString>
<targetEntity>2F602B98-2F73-1337-B276-E76C2245410F</targetEntity>
<transferable>true</transferable>
<deleteRule>NO ACTION</deleteRule>
</Relation>