<?xml version = '1.0' encoding = 'UTF-8'?>
<Relation class="oracle.dbtools.crest.model.design.logical.Relation" name="Relation_12" directorySegmentName="seg_0" id="4BE4E537-110B-5802-DD32-48161F65E237">
<createdBy>paula</createdBy>
<createdTime>2025-03-17 09:55:17 UTC</createdTime>
<ownerDesignName>Projekt_Da_Ruf_Hauser</ownerDesignName>
<engineerTo>
<item key="C709A366-8E3B-0E68-3708-33DD68029C4B" value="true"/>
</engineerTo>
<identifying>false</identifying>
<optionalSource>true</optionalSource>
<optionalTarget>false</optionalTarget>
<sourceCardinality>1</sourceCardinality>
<sourceEntity>DBF6C33C-625F-1986-EDA2-3318E7091D92</sourceEntity>
<targetCardinalityString>*</targetCardinalityString>
<targetEntity>9C7AAF04-CAB5-75D2-BCCB-A414D22BBA77</targetEntity>
<transferable>true</transferable>
<deleteRule>NO ACTION</deleteRule>
</Relation>