<?xml version = '1.0' encoding = 'UTF-8'?>
<Relation class="oracle.dbtools.crest.model.design.logical.Relation" name="Relation_Parkplatz_Adresse" directorySegmentName="seg_0" id="9B0F7AF5-CDEF-8F81-8294-AE37EE5A7774">
<createdBy>paula</createdBy>
<createdTime>2025-03-17 09:25:43 UTC</createdTime>
<ownerDesignName>Projekt_Da_Ruf_Hauser</ownerDesignName>
<engineerTo>
<item key="C709A366-8E3B-0E68-3708-33DD68029C4B" value="true"/>
</engineerTo>
<targetPk>2528EFDF-0C37-8E14-1AC4-70B55D1508B6</targetPk>
<identifying>false</identifying>
<optionalSource>true</optionalSource>
<optionalTarget>false</optionalTarget>
<sourceCardinality>*</sourceCardinality>
<sourceEntity>BEAAB1D2-1A2F-7956-3E6A-64CAD0DB5630</sourceEntity>
<targetCardinalityString>1</targetCardinalityString>
<targetEntity>A4F7ECFE-584E-341B-C2FC-35B71FA36C84</targetEntity>
<transferable>true</transferable>
<deleteRule>NO ACTION</deleteRule>
</Relation>