<?xml version = '1.0' encoding = 'UTF-8'?>
<Relation class="oracle.dbtools.crest.model.design.logical.Relation" name="Relation_Nutzen_Kosten" directorySegmentName="seg_0" id="A78D4366-10D3-4E2C-8FBC-7478E7209EA1">
<createdBy>paula</createdBy>
<createdTime>2025-03-17 09:28:19 UTC</createdTime>
<ownerDesignName>Projekt_Da_Ruf_Hauser</ownerDesignName>
<engineerTo>
<item key="C709A366-8E3B-0E68-3708-33DD68029C4B" value="true"/>
</engineerTo>
<identifying>false</identifying>
<optionalSource>true</optionalSource>
<optionalTarget>false</optionalTarget>
<sourceCardinality>1</sourceCardinality>
<sourceEntity>9ACB84BC-C4A1-2DCB-E6D7-68539C29C928</sourceEntity>
<targetCardinalityString>*</targetCardinalityString>
<targetEntity>9C7AAF04-CAB5-75D2-BCCB-A414D22BBA77</targetEntity>
<transferable>true</transferable>
<deleteRule>NO ACTION</deleteRule>
</Relation>