<?xml version = '1.0' encoding = 'UTF-8'?>
<Relation class="oracle.dbtools.crest.model.design.logical.Relation" name="Relation_9" directorySegmentName="seg_0" id="B0A21782-9FFA-1FA3-DBCA-1134FAFF7F5E">
<createdBy>paula</createdBy>
<createdTime>2025-03-17 09:48:38 UTC</createdTime>
<ownerDesignName>Projekt_Da_Ruf_Hauser</ownerDesignName>
<engineerTo>
<item key="C709A366-8E3B-0E68-3708-33DD68029C4B" value="true"/>
</engineerTo>
<identifying>false</identifying>
<optionalSource>true</optionalSource>
<optionalTarget>false</optionalTarget>
<sourceCardinality>*</sourceCardinality>
<sourceEntity>E88EE308-7029-26A4-84E8-418F5B7F33D2</sourceEntity>
<targetCardinalityString>1</targetCardinalityString>
<targetEntity>3147D525-EB1D-AA53-858F-8CBEF2EAA38B</targetEntity>
<transferable>true</transferable>
<deleteRule>NO ACTION</deleteRule>
</Relation>