<?xml version = '1.0' encoding = 'UTF-8'?>
<Relation class="oracle.dbtools.crest.model.design.logical.Relation" name="Relation_13" directorySegmentName="seg_0" id="B71F8CE3-995E-C10C-DBEF-F8113B188E53">
<createdBy>paula</createdBy>
<createdTime>2025-03-17 09:55:51 UTC</createdTime>
<ownerDesignName>Projekt_Da_Ruf_Hauser</ownerDesignName>
<engineerTo>
<item key="C709A366-8E3B-0E68-3708-33DD68029C4B" value="true"/>
</engineerTo>
<identifying>false</identifying>
<optionalSource>false</optionalSource>
<optionalTarget>false</optionalTarget>
<sourceCardinality>*</sourceCardinality>
<sourceEntity>C108B611-ABA0-5268-6F97-3B67E9DB444B</sourceEntity>
<targetCardinalityString>1</targetCardinalityString>
<targetEntity>9C7AAF04-CAB5-75D2-BCCB-A414D22BBA77</targetEntity>
<transferable>true</transferable>
<deleteRule>NO ACTION</deleteRule>
</Relation>