<?xml version = '1.0' encoding = 'UTF-8'?>
<Relation class="oracle.dbtools.crest.model.design.logical.Relation" name="Relation_6" directorySegmentName="seg_0" id="BF20F8BE-6FD9-3EA1-A021-2CA89C88DA64">
<createdBy>paula</createdBy>
<createdTime>2025-03-17 09:39:22 UTC</createdTime>
<ownerDesignName>Projekt_Da_Ruf_Hauser</ownerDesignName>
<engineerTo>
<item key="C709A366-8E3B-0E68-3708-33DD68029C4B" value="true"/>
</engineerTo>
<identifying>false</identifying>
<optionalSource>true</optionalSource>
<optionalTarget>false</optionalTarget>
<sourceCardinality>*</sourceCardinality>
<sourceEntity>A4F7ECFE-584E-341B-C2FC-35B71FA36C84</sourceEntity>
<targetCardinalityString>*</targetCardinalityString>
<targetEntity>E88EE308-7029-26A4-84E8-418F5B7F33D2</targetEntity>
<transferable>true</transferable>
<deleteRule>NO ACTION</deleteRule>
</Relation>