<?xml version = '1.0' encoding = 'UTF-8'?>
<Relation class="oracle.dbtools.crest.model.design.logical.Relation" name="Relation_Stellplatz_Nutzung" directorySegmentName="seg_0" id="C986295E-9C6A-7ABB-B7C0-1DB4D04FBEFF">
<createdBy>paula</createdBy>
<createdTime>2025-03-17 09:27:57 UTC</createdTime>
<ownerDesignName>Projekt_Da_Ruf_Hauser</ownerDesignName>
<engineerTo>
<item key="C709A366-8E3B-0E68-3708-33DD68029C4B" value="true"/>
</engineerTo>
<identifying>false</identifying>
<optionalSource>true</optionalSource>
<optionalTarget>false</optionalTarget>
<sourceCardinality>*</sourceCardinality>
<sourceEntity>2F602B98-2F73-1337-B276-E76C2245410F</sourceEntity>
<targetCardinalityString>1</targetCardinalityString>
<targetEntity>9ACB84BC-C4A1-2DCB-E6D7-68539C29C928</targetEntity>
<transferable>true</transferable>
<deleteRule>NO ACTION</deleteRule>
</Relation>