<?xml version = '1.0' encoding = 'UTF-8'?>
<Relation class="oracle.dbtools.crest.model.design.logical.Relation" name="Relation_Zufahrt&amp;Ausfahrt_Ticket" directorySegmentName="seg_0" id="EB5DFAD0-85C6-AFCC-C749-513CE5A5BF9C">
<createdBy>paula</createdBy>
<createdTime>2025-03-17 10:06:07 UTC</createdTime>
<ownerDesignName>Projekt_Da_Ruf_Hauser</ownerDesignName>
<engineerTo>
<item key="C709A366-8E3B-0E68-3708-33DD68029C4B" value="true"/>
</engineerTo>
<identifying>false</identifying>
<optionalSource>false</optionalSource>
<optionalTarget>false</optionalTarget>
<sourceCardinality>*</sourceCardinality>
<sourceEntity>191D4C56-CCCA-EA03-FECF-8328E371060C</sourceEntity>
<targetCardinalityString>1</targetCardinalityString>
<targetEntity>FA73C9EE-786B-A9A6-A16A-148EB66D26BF</targetEntity>
<transferable>true</transferable>
<deleteRule>NO ACTION</deleteRule>
</Relation>