<?xml version = '1.0' encoding = 'UTF-8'?>
<Relation class="oracle.dbtools.crest.model.design.logical.Relation" name="Relation_14" directorySegmentName="seg_0" id="F805FFDB-0D64-F646-6557-F0D35C3972E3">
<createdBy>paula</createdBy>
<createdTime>2025-03-17 10:00:55 UTC</createdTime>
<ownerDesignName>Projekt_Da_Ruf_Hauser</ownerDesignName>
<engineerTo>
<item key="C709A366-8E3B-0E68-3708-33DD68029C4B" value="true"/>
</engineerTo>
<identifying>false</identifying>
<optionalSource>false</optionalSource>
<optionalTarget>false</optionalTarget>
<sourceCardinality>*</sourceCardinality>
<sourceEntity>3147D525-EB1D-AA53-858F-8CBEF2EAA38B</sourceEntity>
<targetCardinalityString>1</targetCardinalityString>
<targetEntity>43A11D4D-A67A-3E4C-3F5C-2BC22C3E3332</targetEntity>
<transferable>true</transferable>
<deleteRule>NO ACTION</deleteRule>
</Relation>